file,verdict,note
0669,,auto:water_too_small water_frac=0.00847 score=0.6508
1714,,auto:water_too_small water_frac=0.06906 score=0.7074
0416,,auto:water_too_small water_frac=0.00389 score=0.7539
0690,,auto:water_too_small water_frac=0.00992 score=0.7617
1196,,auto:water_too_small water_frac=0.03316 score=0.771
2920,,auto:low_score water_frac=0.32353 score=0.7712
0813,,auto:low_score water_frac=0.21681 score=0.7715
0673,,auto:water_too_small water_frac=0.0644 score=0.7735
2063,,auto:water_too_small water_frac=0.03655 score=0.7744
0372,,auto:water_too_small water_frac=0.03048 score=0.7783
0664,,auto:water_too_small water_frac=0.01116 score=0.781
1211,,auto:low_score water_frac=0.18976 score=0.7822
1942,,auto:water_too_small water_frac=0.01449 score=0.7836
0809,,auto:low_score water_frac=0.28876 score=0.784
2437,,auto:low_score water_frac=0.31504 score=0.7846
1858,,auto:water_too_small water_frac=0.14718 score=0.7865
1590,,auto:water_too_small water_frac=0.04554 score=0.7899
2747,,auto:low_score water_frac=0.16452 score=0.7905
2562,,auto:water_too_small water_frac=0.12623 score=0.791
1839,,auto:water_too_small water_frac=0.02496 score=0.792
0390,,auto:water_too_small water_frac=0.02334 score=0.7939
2775,,auto:low_score water_frac=0.26139 score=0.7943
0919,,auto:water_too_small water_frac=0.12389 score=0.7944
2860,,auto:low_score water_frac=0.28735 score=0.795
1734,,auto:low_score water_frac=0.40602 score=0.7959
1663,,auto:water_too_small water_frac=0.00739 score=0.798
1323,,auto:low_score water_frac=0.22333 score=0.7984
1283,,auto:low_score water_frac=0.19484 score=0.7994
2038,,auto:water_too_small water_frac=0.0068 score=0.8022
1561,,auto:water_too_small water_frac=0.11007 score=0.8037
0385,,auto:water_too_small water_frac=0.01579 score=0.8047
1773,,auto:water_too_small water_frac=0.09633 score=0.808
2367,,auto:water_too_small water_frac=0.14233 score=0.8095
1753,,auto:water_too_small water_frac=0.07473 score=0.8108
1627,,auto:water_too_small water_frac=0.12662 score=0.8137
2964,,auto:water_too_small water_frac=0.14374 score=0.8166
1796,,auto:water_too_small water_frac=0.0793 score=0.8168
2021,,auto:water_too_small water_frac=0.07985 score=0.817
1555,,auto:water_too_small water_frac=0.05833 score=0.8187
0693,,auto:water_too_small water_frac=0.03033 score=0.8219
2261,,auto:water_too_small water_frac=0.00672 score=0.8221
1828,,auto:water_too_small water_frac=0.06941 score=0.8234
1047,,auto:water_too_small water_frac=0.14366 score=0.8245
1760,,auto:water_too_small water_frac=0.13591 score=0.8258
0379,,auto:water_too_small water_frac=0.05401 score=0.8262
0973,,auto:water_too_small water_frac=0.11863 score=0.8277
1108,,auto:water_too_small water_frac=0.13567 score=0.828
1693,,auto:water_too_small water_frac=0.04414 score=0.8282
0671,,auto:water_too_small water_frac=0.1436 score=0.8305
0471,,auto:water_too_small water_frac=0.04674 score=0.8306
0384,,auto:water_too_small water_frac=0.14883 score=0.8315
0533,,auto:water_too_small water_frac=0.07922 score=0.8319
1814,,auto:water_too_small water_frac=0.08385 score=0.8346
1286,,auto:water_too_small water_frac=0.14536 score=0.8363
0652,,auto:water_too_small water_frac=0.11513 score=0.8371
2926,,auto:water_too_small water_frac=0.10593 score=0.8419
0947,,auto:water_too_small water_frac=0.1218 score=0.8431
1463,,auto:water_too_small water_frac=0.13785 score=0.8441
2942,,auto:water_too_small water_frac=0.03454 score=0.8446
2950,,auto:water_too_small water_frac=0.13404 score=0.8451
2011,,auto:water_too_small water_frac=0.05322 score=0.8456
2035,,auto:water_too_small water_frac=0.07913 score=0.8456
1519,,auto:water_too_small water_frac=0.11439 score=0.8463
1960,,auto:water_too_small water_frac=0.11415 score=0.8472
1240,,auto:water_too_small water_frac=0.08513 score=0.8503
0656,,auto:water_too_small water_frac=0.04498 score=0.8514
1911,,auto:water_too_small water_frac=0.09613 score=0.8528
2574,,auto:water_too_small water_frac=0.11837 score=0.8531
1847,,auto:water_too_small water_frac=0.05594 score=0.8539
2906,,auto:water_too_small water_frac=0.0153 score=0.8546
0396,,auto:water_too_small water_frac=0.02222 score=0.8553
1511,,auto:water_too_small water_frac=0.0762 score=0.8562
1098,,auto:water_too_small water_frac=0.0302 score=0.8567
1275,,auto:water_too_small water_frac=0.13334 score=0.8574
1972,,auto:water_too_small water_frac=0.05076 score=0.8575
1982,,auto:water_too_small water_frac=0.12153 score=0.8578
1015,,auto:water_too_small water_frac=0.08054 score=0.8584
1565,,auto:water_too_small water_frac=0.11463 score=0.8586
2839,,auto:water_too_small water_frac=0.14757 score=0.8586
0048,,auto:water_too_small water_frac=0.01113 score=0.8592
1246,,auto:water_too_small water_frac=0.043 score=0.8596
0522,,auto:water_too_small water_frac=0.14687 score=0.8598
0660,,auto:water_too_small water_frac=0.03602 score=0.86
0811,,auto:water_too_small water_frac=0.04561 score=0.8605
1127,,auto:water_too_small water_frac=0.13502 score=0.8606
0430,,auto:water_too_small water_frac=0.13622 score=0.8607
2554,,auto:water_too_small water_frac=0.0484 score=0.861
1980,,auto:water_too_small water_frac=0.05253 score=0.8619
2652,,auto:water_too_small water_frac=0.05689 score=0.8622
2181,,auto:water_too_small water_frac=0.04844 score=0.8626
0187,,auto:water_too_small water_frac=0.14907 score=0.8627
2362,,auto:water_too_small water_frac=0.00693 score=0.8635
0949,,auto:water_too_small water_frac=0.01501 score=0.8649
1191,,auto:water_too_small water_frac=0.04259 score=0.8659
0361,,auto:water_too_small water_frac=0.09229 score=0.8678
2358,,auto:water_too_small water_frac=0.04693 score=0.8678
1872,,auto:water_too_small water_frac=0.06802 score=0.8683
1256,,auto:water_too_small water_frac=0.08026 score=0.8695
2080,,auto:water_too_small water_frac=0.10473 score=0.8696
1890,,auto:water_too_small water_frac=0.09095 score=0.8699
1696,,auto:water_too_small water_frac=0.07968 score=0.8706
2055,,auto:water_too_small water_frac=0.1053 score=0.8712
1953,,auto:water_too_small water_frac=0.095 score=0.8714
2852,,auto:water_too_small water_frac=0.06779 score=0.8715
0970,,auto:water_too_small water_frac=0.14679 score=0.8717
0383,,auto:water_too_small water_frac=0.08898 score=0.8721
2409,,auto:water_too_small water_frac=0.10074 score=0.8723
0428,,auto:water_too_small water_frac=0.06534 score=0.8732
2379,,auto:water_too_small water_frac=0.04072 score=0.8743
1783,,auto:water_too_small water_frac=0.0684 score=0.8744
1913,,auto:water_too_small water_frac=0.08453 score=0.8754
1195,,auto:water_too_small water_frac=0.08217 score=0.8765
0876,,auto:water_too_small water_frac=0.10398 score=0.8768
0905,,auto:water_too_small water_frac=0.10792 score=0.8769
2467,,auto:water_too_small water_frac=0.05534 score=0.8786
2004,,auto:water_too_small water_frac=0.01736 score=0.8793
1396,,auto:water_too_small water_frac=0.04675 score=0.881
1731,,auto:water_too_small water_frac=0.13363 score=0.8823
0300,,auto:water_too_small water_frac=0.01021 score=0.8825
1744,,auto:water_too_small water_frac=0.11738 score=0.8825
1021,,auto:water_too_small water_frac=0.04482 score=0.8831
0918,,auto:water_too_small water_frac=0.06453 score=0.8832
2800,,auto:water_too_small water_frac=0.13473 score=0.8837
1017,,auto:water_too_small water_frac=0.13157 score=0.8842
2908,,auto:water_too_small water_frac=0.00332 score=0.8847
1979,,auto:water_too_small water_frac=0.07864 score=0.8852
0446,,auto:water_too_small water_frac=0.05633 score=0.8866
1354,,auto:water_too_small water_frac=0.14626 score=0.8866
2620,,auto:water_too_small water_frac=0.07939 score=0.8878
0238,,auto:water_too_small water_frac=0.10826 score=0.8882
2297,,auto:water_too_small water_frac=0.10755 score=0.8882
0375,,auto:water_too_small water_frac=0.05881 score=0.8883
2221,,auto:water_too_small water_frac=0.07166 score=0.8886
0402,,auto:water_too_small water_frac=0.08511 score=0.8889
1193,,auto:water_too_small water_frac=0.11998 score=0.8889
0763,,auto:water_too_small water_frac=0.09643 score=0.8893
1123,,auto:water_too_small water_frac=0.12566 score=0.8893
1602,,auto:water_too_large water_frac=0.95298 score=0.8905
2111,,auto:water_too_small water_frac=0.09855 score=0.8906
0299,,auto:water_too_small water_frac=0.00317 score=0.8907
1401,,auto:water_too_small water_frac=0.11368 score=0.8907
0887,,auto:water_too_small water_frac=0.00904 score=0.8913
1932,,auto:water_too_small water_frac=0.073 score=0.8914
0306,,auto:water_too_small water_frac=0.14179 score=0.8916
1025,,auto:water_too_small water_frac=0.04921 score=0.8918
1102,,auto:water_too_small water_frac=0.07644 score=0.892
1284,,auto:water_too_small water_frac=0.13842 score=0.893
2705,,auto:water_too_small water_frac=0.13441 score=0.8935
1152,,auto:water_too_small water_frac=0.11328 score=0.8936
0570,,auto:water_too_small water_frac=0.0983 score=0.894
1173,,auto:water_too_small water_frac=0.08365 score=0.8942
2045,,auto:water_too_small water_frac=0.12374 score=0.8945
2427,,auto:water_too_small water_frac=0.08196 score=0.8948
1394,,auto:water_too_small water_frac=0.12322 score=0.8956
1426,,auto:water_too_small water_frac=0.0262 score=0.8959
2229,,auto:water_too_small water_frac=0.14516 score=0.8959
1088,,auto:water_too_small water_frac=0.13539 score=0.8966
1215,,auto:water_too_small water_frac=0.14215 score=0.8967
0992,,auto:water_too_small water_frac=0.14932 score=0.897
2663,,auto:water_too_small water_frac=0.12927 score=0.8973
2201,,auto:water_too_small water_frac=0.07298 score=0.8974
1633,,auto:water_too_small water_frac=0.07202 score=0.8976
0054,,auto:water_too_small water_frac=0.09306 score=0.8982
2919,,auto:water_too_small water_frac=0.13904 score=0.8988
1623,,auto:water_too_small water_frac=0.14221 score=0.899
2123,,auto:water_too_large water_frac=0.93748 score=0.8996
1441,,auto:water_too_small water_frac=0.14738 score=0.8997
2470,,auto:water_too_small water_frac=0.04502 score=0.9004
2615,,auto:water_too_small water_frac=0.14105 score=0.9006
1167,,auto:water_too_small water_frac=0.04826 score=0.9009
0835,,auto:water_too_small water_frac=0.13108 score=0.9012
1919,,auto:water_too_small water_frac=0.09874 score=0.9012
1726,,auto:water_too_small water_frac=0.1049 score=0.9013
2188,,auto:water_too_small water_frac=0.13421 score=0.9016
0313,,auto:water_too_small water_frac=0.00736 score=0.9021
0407,,auto:water_too_small water_frac=0.08661 score=0.9022
1039,,auto:water_too_small water_frac=0.10362 score=0.9035
0908,,auto:water_too_small water_frac=0.13135 score=0.9036
2484,,auto:water_too_small water_frac=0.08309 score=0.9041
1325,,auto:water_too_small water_frac=0.11018 score=0.905
0591,,auto:water_too_small water_frac=0.11194 score=0.9051
2994,,auto:water_too_small water_frac=0.02636 score=0.9051
2321,,auto:water_too_small water_frac=0.03079 score=0.9056
1733,,auto:water_too_small water_frac=0.08308 score=0.9057
0584,,auto:water_too_small water_frac=0.09785 score=0.9072
2210,,auto:water_too_small water_frac=0.08598 score=0.9079
2252,,auto:water_too_small water_frac=0.11164 score=0.9086
2550,,auto:water_too_small water_frac=0.12942 score=0.9088
2189,,auto:water_too_small water_frac=0.14459 score=0.909
2422,,auto:water_too_small water_frac=0.12623 score=0.9105
2757,,auto:water_too_small water_frac=0.12101 score=0.9109
0898,,auto:water_too_small water_frac=0.0757 score=0.911
1709,,auto:water_too_small water_frac=0.1434 score=0.9111
0227,,auto:water_too_large water_frac=0.96937 score=0.9118
0459,,auto:water_too_small water_frac=0.12955 score=0.912
2318,,auto:water_too_small water_frac=0.02935 score=0.912
1408,,auto:water_too_small water_frac=0.13878 score=0.9121
0248,,auto:water_too_large water_frac=0.93859 score=0.9128
2260,,auto:water_too_small water_frac=0.11569 score=0.9128
1558,,auto:water_too_small water_frac=0.14734 score=0.9136
2133,,auto:water_too_small water_frac=0.05522 score=0.9137
2094,,auto:water_too_small water_frac=0.12282 score=0.914
2998,,auto:water_too_small water_frac=0.10678 score=0.9142
0358,,auto:water_too_small water_frac=0.04745 score=0.9144
1852,,auto:water_too_small water_frac=0.14979 score=0.9147
1806,,auto:water_too_small water_frac=0.08335 score=0.9149
0075,,auto:water_too_small water_frac=0.07112 score=0.915
1436,,auto:water_too_small water_frac=0.0809 score=0.9154
2928,,auto:water_too_small water_frac=0.10685 score=0.9155
1301,,auto:water_too_small water_frac=0.0693 score=0.9157
0843,,auto:water_too_small water_frac=0.07223 score=0.9158
0297,,auto:water_too_small water_frac=0.05625 score=0.9159
1228,,auto:water_too_small water_frac=0.14269 score=0.9159
1975,,auto:water_too_small water_frac=0.11905 score=0.9159
2150,,auto:water_too_small water_frac=0.06519 score=0.9162
0841,,auto:water_too_small water_frac=0.10693 score=0.9163
0784,,auto:water_too_small water_frac=0.13644 score=0.9165
1129,,auto:water_too_small water_frac=0.11352 score=0.9167
0419,,auto:water_too_small water_frac=0.05339 score=0.9181
1945,,auto:water_too_large water_frac=0.92424 score=0.9181
2065,,auto:water_too_small water_frac=0.09519 score=0.9183
2277,,auto:water_too_small water_frac=0.07396 score=0.9184
1865,,auto:water_too_small water_frac=0.11181 score=0.9186
2981,,auto:water_too_small water_frac=0.07595 score=0.9188
1150,,auto:water_too_small water_frac=0.06315 score=0.9192
2992,,auto:water_too_small water_frac=0.13022 score=0.9192
0287,,auto:water_too_small water_frac=0.00679 score=0.92
2117,,auto:water_too_small water_frac=0.14136 score=0.9201
1645,,auto:water_too_small water_frac=0.13486 score=0.9203
1554,,auto:water_too_small water_frac=0.10817 score=0.9204
1306,,auto:water_too_small water_frac=0.11749 score=0.9207
2990,,auto:water_too_small water_frac=0.06628 score=0.9208
0929,,auto:water_too_small water_frac=0.13144 score=0.9216
0687,,auto:water_too_small water_frac=0.12408 score=0.9221
2135,,auto:water_too_small water_frac=0.12736 score=0.9223
0435,,auto:water_too_small water_frac=0.10764 score=0.9224
2060,,auto:water_too_large water_frac=0.96465 score=0.9224
0923,,auto:water_too_small water_frac=0.09152 score=0.9228
1765,,auto:water_too_small water_frac=0.09894 score=0.9231
1136,,auto:water_too_large water_frac=0.94874 score=0.9232
0211,,auto:water_too_small water_frac=0.13088 score=0.9234
2736,,auto:water_too_small water_frac=0.0042 score=0.9237
1324,,auto:water_too_small water_frac=0.13403 score=0.9241
2062,,auto:water_too_small water_frac=0.14514 score=0.9242
1142,,auto:water_too_small water_frac=0.11216 score=0.9245
2363,,auto:water_too_small water_frac=0.09332 score=0.9247
1162,,auto:water_too_large water_frac=0.94996 score=0.9248
1062,,auto:water_too_small water_frac=0.14034 score=0.925
1079,,auto:water_too_small water_frac=0.07772 score=0.925
1612,,auto:water_too_small water_frac=0.141 score=0.925
2431,,auto:water_too_small water_frac=0.11048 score=0.9254
1543,,auto:water_too_small water_frac=0.13447 score=0.9257
1637,,auto:water_too_small water_frac=0.13531 score=0.9257
2605,,auto:water_too_small water_frac=0.06973 score=0.9259
0599,,auto:water_too_small water_frac=0.09879 score=0.9261
1007,,auto:water_too_large water_frac=0.93397 score=0.9261
2121,,auto:water_too_small water_frac=0.14354 score=0.9261
0869,,auto:water_too_small water_frac=0.11853 score=0.9264
0191,,auto:water_too_large water_frac=0.97654 score=0.9266
0519,,auto:water_too_small water_frac=0.1245 score=0.9266
0726,,auto:water_too_small water_frac=0.12641 score=0.9269
2501,,auto:water_too_small water_frac=0.1401 score=0.927
2733,,auto:water_too_small water_frac=0.10534 score=0.927
2991,,auto:water_too_small water_frac=0.14008 score=0.9275
2366,,auto:water_too_small water_frac=0.05069 score=0.9276
2682,,auto:water_too_small water_frac=0.12683 score=0.9278
1992,,auto:water_too_small water_frac=0.04155 score=0.9288
2091,,auto:water_too_small water_frac=0.10762 score=0.9291
0342,,auto:water_too_small water_frac=0.14379 score=0.9293
2192,,auto:water_too_small water_frac=0.12137 score=0.9293
1233,,auto:water_too_small water_frac=0.06987 score=0.9295
1206,,auto:water_too_small water_frac=0.11587 score=0.9296
0321,,auto:water_too_small water_frac=0.04458 score=0.9298
2311,,auto:water_too_small water_frac=0.09381 score=0.9299
0889,,auto:water_too_large water_frac=0.96501 score=0.9304
2962,,auto:water_too_large water_frac=0.9688 score=0.9306
0960,,auto:water_too_small water_frac=0.12145 score=0.9307
0873,,auto:water_too_small water_frac=0.08413 score=0.9309
0981,,auto:water_too_large water_frac=0.94957 score=0.931
2273,,auto:water_too_small water_frac=0.04059 score=0.931
0924,,auto:water_too_small water_frac=0.09766 score=0.9314
0420,,auto:water_too_small water_frac=0.14004 score=0.932
0986,,auto:water_too_small water_frac=0.09407 score=0.932
1843,,auto:water_too_small water_frac=0.10164 score=0.932
2151,,auto:water_too_small water_frac=0.12969 score=0.932
1799,,auto:water_too_small water_frac=0.07917 score=0.9321
2609,,auto:water_too_large water_frac=0.91783 score=0.9325
2793,,auto:water_too_large water_frac=0.95827 score=0.9331
2262,,auto:water_too_large water_frac=0.94551 score=0.9336
1251,,auto:water_too_small water_frac=0.14636 score=0.9337
0432,,auto:water_too_small water_frac=0.14962 score=0.9339
1311,,auto:water_too_small water_frac=0.11367 score=0.9339
2393,,auto:water_too_small water_frac=0.14798 score=0.9339
0180,,auto:water_too_large water_frac=0.96022 score=0.934
2420,,auto:water_too_small water_frac=0.05847 score=0.9341
0834,,auto:water_too_small water_frac=0.09335 score=0.9344
2027,,auto:water_too_small water_frac=0.09927 score=0.9345
0288,,auto:water_too_small water_frac=0.05793 score=0.9352
0997,,auto:water_too_small water_frac=0.03808 score=0.9353
2586,,auto:water_too_small water_frac=0.14753 score=0.9354
1349,,auto:water_too_small water_frac=0.12103 score=0.9356
0630,,auto:water_too_small water_frac=0.12175 score=0.9361
2969,,auto:water_too_small water_frac=0.07366 score=0.9361
1234,,auto:water_too_small water_frac=0.08185 score=0.9364
1797,,auto:water_too_small water_frac=0.11858 score=0.9364
0939,,auto:water_too_small water_frac=0.05812 score=0.9365
2675,,auto:water_too_large water_frac=0.96769 score=0.9365
1958,,auto:water_too_small water_frac=0.06836 score=0.9366
1023,,auto:water_too_large water_frac=0.9033 score=0.937
0041,,auto:water_too_large water_frac=0.97325 score=0.9371
0403,,auto:water_too_small water_frac=0.09205 score=0.9373
1040,,auto:water_too_small water_frac=0.07863 score=0.9382
2269,,auto:water_too_small water_frac=0.11846 score=0.9383
1454,,auto:water_too_small water_frac=0.13342 score=0.9387
0535,,auto:water_too_small water_frac=0.12627 score=0.9389
2680,,auto:water_too_small water_frac=0.10656 score=0.939
2959,,auto:water_too_small water_frac=0.07661 score=0.939
1116,,auto:water_too_small water_frac=0.13054 score=0.9393
2375,,auto:water_too_small water_frac=0.11501 score=0.9395
2064,,auto:water_too_large water_frac=0.90798 score=0.9397
0907,,auto:water_too_large water_frac=0.96244 score=0.9398
1903,,auto:water_too_large water_frac=0.94443 score=0.9399
2746,,auto:water_too_large water_frac=0.95676 score=0.9399
0490,,auto:water_too_small water_frac=0.13078 score=0.9407
2967,,auto:water_too_large water_frac=0.90922 score=0.9407
2970,,auto:water_too_small water_frac=0.13366 score=0.941
2669,,auto:water_too_small water_frac=0.14174 score=0.9411
2089,,auto:water_too_small water_frac=0.07354 score=0.9414
0683,,auto:water_too_small water_frac=0.13294 score=0.9415
1055,,auto:water_too_large water_frac=0.95008 score=0.9426
2480,,auto:water_too_small water_frac=0.12107 score=0.9426
0816,,auto:water_too_small water_frac=0.0961 score=0.9428
1841,,auto:water_too_small water_frac=0.06435 score=0.9429
0028,,auto:water_too_large water_frac=0.98534 score=0.9431
1677,,auto:water_too_small water_frac=0.06142 score=0.9432
0878,,auto:water_too_large water_frac=0.96625 score=0.9434
1437,,auto:water_too_small water_frac=0.04588 score=0.9434
2873,,auto:water_too_large water_frac=0.96769 score=0.9436
1609,,auto:water_too_small water_frac=0.12793 score=0.9439
2384,,auto:water_too_large water_frac=0.95011 score=0.9442
2692,,auto:water_too_small water_frac=0.14636 score=0.9443
2159,,auto:water_too_small water_frac=0.14507 score=0.9445
1836,,auto:water_too_small water_frac=0.13233 score=0.945
1964,,auto:water_too_large water_frac=0.93231 score=0.945
2924,,auto:water_too_small water_frac=0.14403 score=0.945
0223,,auto:water_too_large water_frac=0.91732 score=0.9452
2799,,auto:water_too_small water_frac=0.13664 score=0.9455
0412,,auto:water_too_small water_frac=0.0541 score=0.9458
1166,,auto:water_too_small water_frac=0.07691 score=0.9458
2315,,auto:water_too_small water_frac=0.14006 score=0.9459
2980,,auto:water_too_large water_frac=0.95798 score=0.9462
1526,,auto:water_too_small water_frac=0.10962 score=0.9464
0958,,auto:water_too_large water_frac=0.95787 score=0.9468
1409,,auto:water_too_large water_frac=0.95156 score=0.9468
2894,,auto:water_too_large water_frac=0.96553 score=0.9471
2821,,auto:water_too_large water_frac=0.95687 score=0.9472
0109,,auto:water_too_large water_frac=0.9387 score=0.9475
1090,,auto:water_too_small water_frac=0.12781 score=0.9477
2232,,auto:water_too_small water_frac=0.14114 score=0.9478
1859,,auto:water_too_small water_frac=0.14986 score=0.9479
1333,,auto:water_too_small water_frac=0.14737 score=0.9482
0415,,auto:water_too_small water_frac=0.06341 score=0.9484
2719,,auto:water_too_large water_frac=0.96209 score=0.9487
1560,,auto:water_too_small water_frac=0.14144 score=0.9488
2834,,auto:water_too_small water_frac=0.11436 score=0.9489
2039,,auto:water_too_large water_frac=0.91694 score=0.949
0330,,auto:water_too_large water_frac=0.9644 score=0.9491
2082,,auto:water_too_large water_frac=0.94274 score=0.9491
2284,,auto:water_too_small water_frac=0.10306 score=0.9494
2727,,auto:water_too_small water_frac=0.11264 score=0.9494
2143,,auto:water_too_large water_frac=0.90413 score=0.9495
0783,,auto:water_too_small water_frac=0.1474 score=0.9503
0993,,auto:water_too_small water_frac=0.14893 score=0.9513
0329,,auto:water_too_large water_frac=0.93988 score=0.9515
2332,,auto:water_too_small water_frac=0.11274 score=0.952
0916,,auto:water_too_large water_frac=0.95919 score=0.9522
1476,,auto:water_too_small water_frac=0.14168 score=0.9522
0663,,auto:water_too_small water_frac=0.10843 score=0.9523
1452,,auto:water_too_large water_frac=0.9267 score=0.9523
2014,,auto:water_too_small water_frac=0.12208 score=0.9523
2304,,auto:water_too_large water_frac=0.95018 score=0.9527
2918,,auto:water_too_large water_frac=0.96253 score=0.9527
2943,,auto:water_too_large water_frac=0.91695 score=0.9531
1218,,auto:water_too_small water_frac=0.12197 score=0.9532
1925,,auto:water_too_large water_frac=0.91804 score=0.9534
2940,,auto:water_too_large water_frac=0.96623 score=0.9539
0285,,auto:water_too_large water_frac=0.91455 score=0.954
2408,,auto:water_too_small water_frac=0.11446 score=0.9544
0751,,auto:water_too_small water_frac=0.13933 score=0.9545
2243,,auto:water_too_large water_frac=0.94509 score=0.9547
0804,,auto:water_too_large water_frac=0.91031 score=0.955
1787,,auto:water_too_large water_frac=0.94336 score=0.955
2826,,auto:water_too_small water_frac=0.0631 score=0.9551
0553,,auto:water_too_small water_frac=0.09829 score=0.9555
0395,,auto:water_too_small water_frac=0.09872 score=0.956
1034,,auto:water_too_large water_frac=0.92706 score=0.9564
2844,,auto:water_too_large water_frac=0.96322 score=0.9568
2549,,auto:water_too_large water_frac=0.9609 score=0.958
2900,,auto:water_too_large water_frac=0.95499 score=0.958
1221,,auto:water_too_small water_frac=0.07743 score=0.9584
2782,,auto:water_too_small water_frac=0.14394 score=0.9586
0229,,auto:water_too_large water_frac=0.96845 score=0.9587
2997,,auto:water_too_large water_frac=0.90654 score=0.959
1081,,auto:water_too_large water_frac=0.94602 score=0.9592
0221,,auto:water_too_large water_frac=0.98436 score=0.9595
0220,,auto:water_too_large water_frac=0.98064 score=0.9596
0262,,auto:water_too_large water_frac=0.92276 score=0.9598
0130,,auto:water_too_large water_frac=0.92506 score=0.9608
0064,,auto:water_too_large water_frac=0.93063 score=0.9609
1840,,auto:water_too_large water_frac=0.95849 score=0.9613
2093,,auto:water_too_small water_frac=0.09379 score=0.9616
0061,,auto:water_too_large water_frac=0.94278 score=0.9628
0219,,auto:water_too_large water_frac=0.97751 score=0.9631
0626,,auto:water_too_small water_frac=0.12619 score=0.9633
0634,,auto:water_too_small water_frac=0.14036 score=0.9639
0116,,auto:water_too_large water_frac=0.91323 score=0.9653
0224,,auto:water_too_large water_frac=0.98008 score=0.9654
0133,,auto:water_too_large water_frac=0.94795 score=0.9655
2005,,auto:water_too_large water_frac=0.93623 score=0.9655
0222,,auto:water_too_large water_frac=0.95456 score=0.9657
0271,,auto:water_too_large water_frac=0.93583 score=0.9657
0855,,auto:water_too_large water_frac=0.91148 score=0.9659
2283,,auto:water_too_large water_frac=0.94694 score=0.9662
2922,,auto:water_too_large water_frac=0.92164 score=0.9663
0049,,auto:water_too_large water_frac=0.9658 score=0.9665
0165,,auto:water_too_large water_frac=0.93637 score=0.9667
0408,,auto:water_too_small water_frac=0.13929 score=0.9676
0027,,auto:water_too_large water_frac=0.91013 score=0.9677
0101,,auto:water_too_large water_frac=0.91397 score=0.9678
0108,,auto:water_too_large water_frac=0.95827 score=0.9679
0169,,auto:water_too_large water_frac=0.93417 score=0.9684
0164,,auto:water_too_large water_frac=0.94153 score=0.9691
0141,,auto:water_too_large water_frac=0.91924 score=0.9692
0368,,auto:water_too_small water_frac=0.08726 score=0.9707
0228,,auto:water_too_large water_frac=0.96249 score=0.9715
0266,,auto:water_too_large water_frac=0.95419 score=0.9716
0286,,auto:water_too_large water_frac=0.91789 score=0.9718
0184,,auto:water_too_large water_frac=0.98598 score=0.972
0072,,auto:water_too_large water_frac=0.91411 score=0.9727
0074,,auto:water_too_large water_frac=0.96487 score=0.9728
0140,,auto:water_too_large water_frac=0.91138 score=0.9731
0106,,auto:water_too_large water_frac=0.97156 score=0.9736
0178,,auto:water_too_large water_frac=0.92759 score=0.9737
0147,,auto:water_too_large water_frac=0.90889 score=0.9738
0177,,auto:water_too_large water_frac=0.93297 score=0.9739
0043,,auto:water_too_large water_frac=0.97078 score=0.9745
0088,,auto:water_too_large water_frac=0.90127 score=0.975
0114,,auto:water_too_large water_frac=0.90768 score=0.9754
0364,,auto:water_too_small water_frac=0.11146 score=0.9758
0380,,auto:water_too_small water_frac=0.10356 score=0.9758
0063,,auto:water_too_large water_frac=0.98022 score=0.976
0001,,auto:water_too_large water_frac=0.91253 score=0.9768
0134,,auto:water_too_large water_frac=0.95826 score=0.9772
0179,,auto:water_too_large water_frac=0.9605 score=0.9772
0135,,auto:water_too_large water_frac=0.96573 score=0.9776
0142,,auto:water_too_large water_frac=0.91586 score=0.9777
0312,,auto:water_too_large water_frac=0.90786 score=0.9778
0325,,auto:water_too_large water_frac=0.96716 score=0.9779
0156,,auto:water_too_large water_frac=0.9065 score=0.978
0132,,auto:water_too_large water_frac=0.94701 score=0.9786
0117,,auto:water_too_large water_frac=0.95392 score=0.9787
0062,,auto:water_too_large water_frac=0.96518 score=0.9788
0137,,auto:water_too_large water_frac=0.96799 score=0.9788
0274,,auto:water_too_large water_frac=0.90652 score=0.979
0107,,auto:water_too_large water_frac=0.94874 score=0.9792
0059,,auto:water_too_large water_frac=0.96033 score=0.9797
0163,,auto:water_too_large water_frac=0.92337 score=0.9797
0160,,auto:water_too_large water_frac=0.91215 score=0.98
0327,,auto:water_too_large water_frac=0.9715 score=0.9803
0113,,auto:water_too_large water_frac=0.90128 score=0.9805
0119,,auto:water_too_large water_frac=0.92202 score=0.9806
0167,,auto:water_too_large water_frac=0.9213 score=0.9806
0183,,auto:water_too_large water_frac=0.98032 score=0.9808
0139,,auto:water_too_large water_frac=0.90442 score=0.9809
0118,,auto:water_too_large water_frac=0.95577 score=0.981
0131,,auto:water_too_large water_frac=0.94354 score=0.9812
0174,,auto:water_too_large water_frac=0.91782 score=0.9812
0073,,auto:water_too_large water_frac=0.95469 score=0.9813
0060,,auto:water_too_large water_frac=0.96759 score=0.9816
0162,,auto:water_too_large water_frac=0.91626 score=0.9816
0171,,auto:water_too_large water_frac=0.95426 score=0.9828
0057,,auto:water_too_large water_frac=0.93843 score=0.9832
0190,,auto:water_too_large water_frac=0.90773 score=0.9836
0326,,auto:water_too_large water_frac=0.97379 score=0.9843
0328,,auto:water_too_large water_frac=0.96809 score=0.9845
0056,,auto:water_too_large water_frac=0.97105 score=0.9846
0175,,auto:water_too_large water_frac=0.92648 score=0.9849
0019,,auto:water_too_large water_frac=0.95372 score=0.9863
0189,,auto:water_too_large water_frac=0.94502 score=0.9897
0182,,auto:water_too_large water_frac=0.9758 score=0.9946
0667,ok,
1339,ok,
0971,ok,
0681,ok,
1393,ok,
0646,ok,
0631,ok,
2301,ok,
1606,ok,
1128,ok,
0700,ok,
1482,ok,
2884,ok,
1130,ok,
2359,ok,
1665,ok,
1376,ok,
0913,ok,
2618,ok,
0852,ok,
1094,ok,
1469,ok,
0443,ok,
1029,ok,
0833,ok,
0195,ok,
0441,ok,
1477,ok,
1968,ok,
2632,ok,
1687,ok,
1105,ok,
1322,ok,
1994,ok,
2631,ok,
1545,ok,
1644,ok,
1402,ok,
2971,ok,
2931,ok,
1464,ok,
0810,ok,
2577,ok,
2528,ok,
0628,ok,
2603,ok,
2832,ok,
2726,ok,
1654,ok,
1905,ok,
0940,ok,
2753,ok,
0938,ok,
2713,ok,
1471,ok,
0893,ok,
2103,ok,
2644,ok,
0226,ok,
2819,ok,
2518,ok,
1534,ok,
2825,ok,
1139,ok,
2388,ok,
1287,ok,
2145,ok,
1833,ok,
2345,ok,
1226,ok,
1084,ok,
2015,ok,
0991,ok,
0040,ok,
2317,ok,
2701,ok,
0968,ok,
1154,ok,
1729,ok,
2591,ok,
2690,ok,
2911,ok,
0812,ok,
0868,ok,
2905,ok,
0356,ok,
2946,ok,
1011,ok,
1145,ok,
2340,ok,
0475,ok,
1672,ok,
1050,ok,
1331,ok,
2897,ok,
0464,ok,
1225,ok,
0461,ok,
1063,ok,
2162,ok,
2241,ok,
0399,ok,
1706,ok,
1504,ok,
2608,ok,
2329,ok,
1300,ok,
2887,ok,
0623,ok,
1273,ok,
2702,ok,
2722,ok,
0478,ok,
0930,ok,
2256,ok,
2639,ok,
1556,ok,
1294,ok,
1713,ok,
1179,ok,
0995,ok,
2511,ok,
2237,ok,
2882,ok,
0695,ok,
2903,ok,
1370,ok,
1424,ok,
2822,ok,
2730,ok,
0486,ok,
1075,ok,
1224,ok,
2105,ok,
2486,ok,
2687,ok,
2751,ok,
0044,ok,
0750,ok,
2368,ok,
1157,ok,
0576,ok,
0999,ok,
1222,ok,
2658,ok,
2257,ok,
0492,ok,
1887,ok,
2648,ok,
2790,ok,
1109,ok,
2553,ok,
2590,ok,
2716,ok,
1216,ok,
0437,ok,
2735,ok,
1488,ok,
1893,ok,
0615,ok,
1329,ok,
1419,ok,
1523,ok,
1156,ok,
1636,ok,
2674,ok,
1213,ok,
2667,ok,
2543,ok,
1360,ok,
0961,ok,
1383,ok,
1448,ok,
1460,ok,
2846,ok,
2341,ok,
2764,ok,
2485,ok,
2697,ok,
1728,ok,
1153,ok,
2952,ok,
1675,ok,
1915,ok,
2934,ok,
2984,ok,
0293,ok,
2721,ok,
2956,ok,
0799,ok,
1740,ok,
2308,ok,
1472,ok,
1976,ok,
1758,ok,
2147,ok,
2525,ok,
0503,ok,
1247,ok,
2282,ok,
2601,ok,
2158,ok,
2287,ok,
2296,ok,
0846,ok,
1844,ok,
1188,ok,
1348,ok,
2465,ok,
0534,ok,
0052,ok,
1896,ok,
0713,ok,
0851,ok,
1737,ok,
2160,ok,
0797,ok,
1430,ok,
2989,ok,
1510,ok,
0636,ok,
1433,ok,
2076,ok,
1230,ok,
2519,ok,
2142,ok,
2677,ok,
2711,ok,
2933,ok,
2875,ok,
1330,ok,
2451,ok,
2580,ok,
0787,ok,
0962,ok,
2242,ok,
2398,ok,
2732,ok,
0989,ok,
1876,ok,
0933,ok,
2073,ok,
1866,ok,
0389,ok,
1977,ok,
1689,ok,
2086,ok,
1028,ok,
1500,ok,
0547,ok,
0944,ok,
1505,ok,
0928,ok,
1253,ok,
2668,ok,
0386,ok,
2506,ok,
2244,ok,
0927,ok,
1617,ok,
2324,ok,
2469,ok,
1320,ok,
1936,ok,
1121,ok,
2434,ok,
2247,ok,
2030,ok,
0860,ok,
1203,ok,
0500,ok,
2944,ok,
0879,ok,
1078,ok,
2763,ok,
1501,ok,
2154,ok,
2280,ok,
2031,ok,
1422,ok,
2811,ok,
1547,ok,
1126,ok,
0825,ok,
2760,ok,
0540,ok,
2851,ok,
1338,ok,
2380,ok,
1069,ok,
2548,ok,
0880,ok,
0982,ok,
0507,ok,
2118,ok,
1443,ok,
0950,ok,
1701,ok,
2022,ok,
2137,ok,
2510,ok,
0901,ok,
2966,ok,
0400,ok,
2533,ok,
2613,ok,
1260,ok,
1479,ok,
1650,ok,
1897,ok,
2532,ok,
0906,ok,
1579,ok,
0069,ok,
2854,ok,
1263,ok,
0460,ok,
1238,ok,
1266,ok,
1895,ok,
2271,ok,
2106,ok,
1539,ok,
1907,ok,
1961,ok,
2857,ok,
1916,ok,
2122,ok,
2864,ok,
1387,ok,
1600,ok,
2096,ok,
1326,ok,
0523,ok,
2399,ok,
0581,ok,
0606,ok,
1182,ok,
2896,ok,
2961,ok,
1279,ok,
2255,ok,
2306,ok,
0517,ok,
2216,ok,
1026,ok,
1520,ok,
1676,ok,
2383,ok,
2845,ok,
1379,ok,
3000,ok,
0723,ok,
1113,ok,
2645,ok,
0619,ok,
1375,ok,
1067,ok,
1399,ok,
1899,ok,
2157,ok,
2513,ok,
1397,ok,
2357,ok,
1818,ok,
2124,ok,
0580,ok,
0838,ok,
1036,ok,
1239,ok,
2087,ok,
2766,ok,
0414,ok,
1125,ok,
1788,ok,
0448,ok,
0051,ok,
0794,ok,
2156,ok,
2569,ok,
2977,ok,
0730,ok,
0709,ok,
0909,ok,
2115,ok,
1473,ok,
2042,ok,
2334,ok,
1861,ok,
1516,ok,
2831,ok,
2951,ok,
0677,ok,
2502,ok,
2551,ok,
2863,ok,
0397,ok,
0453,ok,
0562,ok,
1177,ok,
1163,ok,
2458,ok,
2272,ok,
2723,ok,
0771,ok,
1334,ok,
1957,ok,
0597,ok,
0047,ok,
2623,ok,
2085,ok,
2206,ok,
0611,ok,
2036,ok,
2712,ok,
2791,ok,
0899,ok,
1205,ok,
1280,ok,
1535,ok,
2155,ok,
2496,ok,
2935,ok,
1296,ok,
1988,ok,
2769,ok,
0045,ok,
0589,ok,
1800,ok,
2593,ok,
0593,ok,
2472,ok,
2876,ok,
2930,ok,
0394,ok,
1862,ok,
0349,ok,
1096,ok,
2098,ok,
2028,ok,
1351,ok,
1001,ok,
0624,ok,
1725,ok,
1816,ok,
0250,ok,
2204,ok,
2416,ok,
1404,ok,
2235,ok,
1053,ok,
1582,ok,
1591,ok,
0818,ok,
1185,ok,
1684,ok,
0055,ok,
0401,ok,
0998,ok,
1894,ok,
0491,ok,
1720,ok,
2614,ok,
2837,ok,
1141,ok,
1593,ok,
0261,ok,
1298,ok,
0612,ok,
2138,ok,
2878,ok,
1245,ok,
1959,ok,
0850,ok,
2034,ok,
1997,ok,
2395,ok,
2858,ok,
1522,ok,
2095,ok,
1220,ok,
1411,ok,
1632,ok,
2494,ok,
0247,ok,
1176,ok,
0798,ok,
2865,ok,
1680,ok,
2298,ok,
1056,ok,
0807,ok,
1073,ok,
1313,ok,
2493,ok,
2074,ok,
0925,ok,
0039,ok,
2600,ok,
2305,ok,
1299,ok,
2213,ok,
0877,ok,
2041,ok,
1295,ok,
2665,ok,
0281,ok,
1440,ok,
1937,ok,
2575,ok,
0455,ok,
1307,ok,
2391,ok,
0791,ok,
2165,ok,
2454,ok,
0259,ok,
2681,ok,
0746,ok,
1445,ok,
2172,ok,
0103,ok,
0423,ok,
2051,ok,
1624,ok,
1779,ok,
0657,ok,
1248,ok,
2777,ok,
0038,ok,
1446,ok,
0508,ok,
1745,ok,
1752,ok,
2490,ok,
2759,ok,
1303,ok,
2743,ok,
2841,ok,
1120,ok,
2741,ok,
2953,ok,
0948,ok,
2676,ok,
0481,ok,
1010,ok,
1071,ok,
1846,ok,
0053,ok,
0279,ok,
0410,ok,
1801,ok,
2788,ok,
0209,ok,
1474,ok,
1620,ok,
1197,ok,
1993,ok,
2090,ok,
0282,ok,
0974,ok,
2563,ok,
0457,ok,
1350,ok,
1435,ok,
1465,ok,
1490,ok,
1493,ok,
2949,ok,
0370,ok,
1611,ok,
1681,ok,
2468,ok,
2756,ok,
0544,ok,
1089,ok,
0738,ok,
2387,ok,
2293,ok,
2802,ok,
1621,ok,
2695,ok,
2139,ok,
2424,ok,
0393,ok,
0917,ok,
2807,ok,
1086,ok,
2694,ok,
2662,ok,
2892,ok,
2429,ok,
0298,ok,
1444,ok,
1662,ok,
1789,ok,
0541,ok,
1064,ok,
2302,ok,
1242,ok,
1639,ok,
1106,ok,
1973,ok,
2258,ok,
1989,ok,
1159,ok,
1498,ok,
1232,ok,
1776,ok,
2046,ok,
2346,ok,
0796,ok,
1792,ok,
1928,ok,
1169,ok,
1082,ok,
1373,ok,
0571,ok,
0858,ok,
1927,ok,
2054,ok,
2245,ok,
0092,ok,
1380,ok,
0200,ok,
0502,ok,
0872,ok,
2075,ok,
0406,ok,
0996,ok,
1598,ok,
2163,ok,
2827,ok,
1827,ok,
1447,ok,
2866,ok,
2114,ok,
0830,ok,
0042,ok,
2195,ok,
0892,ok,
1072,ok,
0398,ok,
2691,ok,
2784,ok,
2378,ok,
0007,ok,
1045,ok,
1481,ok,
1933,ok,
0362,ok,
1830,ok,
2175,ok,
2801,ok,
0005,ok,
0258,ok,
0774,ok,
1041,ok,
1461,ok,
1668,ok,
0333,ok,
1085,ok,
1757,ok,
2688,ok,
2404,ok,
1035,ok,
2285,ok,
2734,ok,
0668,ok,
1310,ok,
1995,ok,
1341,ok,
1577,ok,
1328,ok,
2474,ok,
0198,ok,
0307,ok,
0670,ok,
1438,ok,
2278,ok,
0387,ok,
0579,ok,
1392,ok,
1838,ok,
1132,ok,
1265,ok,
2958,ok,
0425,ok,
1043,ok,
1514,ok,
2016,ok,
1243,ok,
2253,ok,
0314,ok,
0952,ok,
0802,ok,
1699,ok,
2264,ok,
2982,ok,
0374,ok,
0563,ok,
2198,ok,
2372,ok,
2939,ok,
1250,ok,
1791,ok,
1517,ok,
2104,ok,
2153,ok,
2567,ok,
1059,ok,
1949,ok,
1051,ok,
1567,ok,
2146,ok,
2976,ok,
0404,ok,
0866,ok,
0910,ok,
1570,ok,
1653,ok,
1929,ok,
2499,ok,
2938,ok,
0489,ok,
1549,ok,
0601,ok,
1420,ok,
2338,ok,
2583,ok,
0365,ok,
1746,ok,
2131,ok,
2544,ok,
2842,ok,
1700,ok,
2957,ok,
2913,ok,
2809,ok,
0800,ok,
0979,ok,
0639,ok,
1054,ok,
2983,ok,
1269,ok,
2023,ok,
2745,ok,
2136,ok,
1024,ok,
2616,ok,
0239,ok,
0253,ok,
0836,ok,
2558,ok,
1044,ok,
1149,ok,
1423,ok,
1527,ok,
0498,ok,
0915,ok,
1999,ok,
1305,ok,
1559,ok,
2581,ok,
0280,ok,
1391,ok,
2795,ok,
0629,ok,
2049,ok,
1257,ok,
2116,ok,
2670,ok,
0091,ok,
0739,ok,
1515,ok,
2642,ok,
1140,ok,
1361,ok,
2079,ok,
2453,ok,
2718,ok,
1970,ok,
0367,ok,
1667,ok,
2879,ok,
2661,ok,
0864,ok,
1038,ok,
1134,ok,
1403,ok,
1487,ok,
0201,ok,
2126,ok,
2166,ok,
2698,ok,
0031,ok,
1415,ok,
1451,ok,
1900,ok,
2881,ok,
2803,ok,
0764,ok,
2234,ok,
2508,ok,
1180,ok,
2452,ok,
0537,ok,
1289,ok,
1931,ok,
2032,ok,
2626,ok,
1336,ok,
1496,ok,
1528,ok,
2536,ok,
0218,ok,
1468,ok,
1513,ok,
0848,ok,
1542,ok,
1812,ok,
2820,ok,
0479,ok,
0548,ok,
0588,ok,
1244,ok,
2007,ok,
2323,ok,
2771,ok,
0046,ok,
1077,ok,
2462,ok,
0985,ok,
2708,ok,
0098,ok,
0567,ok,
1122,ok,
2010,ok,
0527,ok,
1223,ok,
2099,ok,
2653,ok,
2664,ok,
2776,ok,
1917,ok,
0260,ok,
1574,ok,
1657,ok,
1884,ok,
1889,ok,
2433,ok,
0682,ok,
1429,ok,
1450,ok,
1938,ok,
0205,ok,
1147,ok,
1160,ok,
0865,ok,
1365,ok,
2347,ok,
0084,ok,
2083,ok,
0559,ok,
0748,ok,
2641,ok,
2871,ok,
1190,ok,
1092,ok,
1093,ok,
1870,ok,
1969,ok,
1978,ok,
2107,ok,
0882,ok,
1615,ok,
2173,ok,
2251,ok,
2516,ok,
0817,ok,
0870,ok,
1462,ok,
1540,ok,
2343,ok,
2512,ok,
2651,ok,
1358,ok,
2545,ok,
0345,ok,
1118,ok,
0755,ok,
0021,ok,
1002,ok,
2505,ok,
1685,ok,
2707,ok,
0826,ok,
2867,ok,
0376,ok,
1878,ok,
0653,ok,
1052,ok,
2643,ok,
0308,ok,
0577,ok,
1506,ok,
1000,ok,
1880,ok,
0442,ok,
1137,ok,
0347,ok,
1111,ok,
1201,ok,
1417,ok,
1439,ok,
1952,ok,
2503,ok,
1739,ok,
2630,ok,
1583,ok,
2774,ok,
2307,ok,
2335,ok,
1585,ok,
1856,ok,
2319,ok,
2731,ok,
0193,ok,
1597,ok,
1986,ok,
2013,ok,
1718,ok,
0357,ok,
2344,ok,
2610,ok,
2612,ok,
0861,ok,
1661,ok,
1822,ok,
2320,ok,
0003,ok,
0832,ok,
1058,ok,
1596,ok,
1631,ok,
2755,ok,
1249,ok,
1262,ok,
2185,ok,
0472,ok,
1099,ok,
2217,ok,
2407,ok,
2417,ok,
0550,ok,
1057,ok,
2466,ok,
2534,ok,
2817,ok,
0957,ok,
0514,ok,
1934,ok,
2222,ok,
2507,ok,
0497,ok,
0814,ok,
1669,ok,
1692,ok,
2333,ok,
0953,ok,
1285,ok,
1634,ok,
2786,ok,
2816,ok,
2985,ok,
1030,ok,
1255,ok,
1407,ok,
2537,ok,
2696,ok,
2191,ok,
0531,ok,
0805,ok,
0903,ok,
0278,ok,
1605,ok,
0659,ok,
1337,ok,
0590,ok,
2177,ok,
0613,ok,
2473,ok,
2633,ok,
0900,ok,
1292,ok,
2148,ok,
2350,ok,
2396,ok,
2921,ok,
1364,ok,
1457,ok,
1882,ok,
2798,ok,
0616,ok,
1398,ok,
1564,ok,
1867,ok,
2636,ok,
1586,ok,
1648,ok,
1810,ok,
0592,ok,
2009,ok,
2130,ok,
0037,ok,
0439,ok,
1804,ok,
2355,ok,
2767,ok,
2813,ok,
1386,ok,
1537,ok,
2211,ok,
2640,ok,
2874,ok,
0728,ok,
1112,ok,
2077,ok,
1875,ok,
1983,ok,
2292,ok,
2780,ok,
1297,ok,
2291,ok,
2405,ok,
2728,ok,
0650,ok,
0202,ok,
1557,ok,
1819,ok,
0509,ok,
1076,ok,
1412,ok,
2018,ok,
0988,ok,
1080,ok,
1601,ok,
2710,ok,
0920,ok,
1427,ok,
0775,ok,
2224,ok,
2300,ok,
2354,ok,
2899,ok,
2948,ok,
1004,ok,
1759,ok,
0768,ok,
1595,ok,
2560,ok,
1314,ok,
1807,ok,
2365,ok,
2627,ok,
0609,ok,
0780,ok,
0935,ok,
1829,ok,
2043,ok,
2673,ok,
2917,ok,
0984,ok,
2965,ok,
2351,ok,
2471,ok,
1131,ok,
0392,ok,
2214,ok,
2671,ok,
0637,ok,
2479,ok,
2657,ok,
0824,ok,
1851,ok,
2483,ok,
0295,ok,
0897,ok,
1012,ok,
2443,ok,
0862,ok,
1143,ok,
2183,ok,
0706,ok,
1826,ok,
2400,ok,
1060,ok,
1381,ok,
2717,ok,
1135,ok,
1484,ok,
1614,ok,
2421,ok,
2492,ok,
2973,ok,
1208,ok,
1778,ok,
2902,ok,
0026,ok,
2974,ok,
1049,ok,
1144,ok,
2523,ok,
0204,ok,
1209,ok,
1356,ok,
1405,ok,
1530,ok,
0369,ok,
0895,ok,
1815,ok,
0050,ok,
1318,ok,
2993,ok,
0381,ok,
2481,ok,
2752,ok,
2815,ok,
0206,ok,
1107,ok,
2369,ok,
0240,ok,
2226,ok,
2729,ok,
0338,ok,
0495,ok,
1005,ok,
1104,ok,
1974,ok,
2176,ok,
2360,ok,
2414,ok,
2995,ok,
0712,ok,
2489,ok,
2725,ok,
0214,ok,
0558,ok,
2203,ok,
2450,ok,
0823,ok,
2423,ok,
0703,ok,
1630,ok,
2230,ok,
0822,ok,
0845,ok,
2830,ok,
0077,ok,
0254,ok,
1170,ok,
2194,ok,
2478,ok,
2891,ok,
2650,ok,
2654,ok,
1133,ok,
1385,ok,
0081,ok,
1282,ok,
2193,ok,
0641,ok,
1146,ok,
1187,ok,
2286,ok,
2840,ok,
0643,ok,
0842,ok,
1967,ok,
2915,ok,
0225,ok,
0600,ok,
0829,ok,
2144,ok,
0417,ok,
2070,ok,
2625,ok,
2806,ok,
0539,ok,
1019,ok,
2828,ok,
2986,ok,
2487,ok,
0348,ok,
0767,ok,
1820,ok,
2457,ok,
2850,ok,
2987,ok,
0181,ok,
0289,ok,
2660,ok,
2869,ok,
2963,ok,
2067,ok,
2386,ok,
2968,ok,
0752,ok,
1406,ok,
2228,ok,
2337,ok,
2352,ok,
1268,ok,
1619,ok,
1947,ok,
1924,ok,
0484,ok,
1355,ok,
1762,ok,
1766,ok,
1550,ok,
2497,ok,
0292,ok,
0815,ok,
1690,ok,
2275,ok,
0405,ok,
1174,ok,
1641,ok,
2058,ok,
2119,ok,
2689,ok,
0978,ok,
2656,ok,
2314,ok,
2402,ok,
2564,ok,
2979,ok,
0732,ok,
0753,ok,
1589,ok,
2310,ok,
2509,ok,
2371,ok,
2413,ok,
2619,ok,
0556,ok,
1164,ok,
2212,ok,
2720,ok,
0359,ok,
1027,ok,
2700,ok,
2768,ok,
0632,ok,
1198,ok,
1344,ok,
1594,ok,
2853,ok,
1489,ok,
1754,ok,
1877,ok,
2684,ok,
1369,ok,
1382,ok,
1883,ok,
1922,ok,
2048,ok,
2683,ok,
2659,ok,
1455,ok,
1578,ok,
0596,ok,
2012,ok,
1178,ok,
1237,ok,
1946,ok,
0305,ok,
2025,ok,
2607,ok,
0355,ok,
1319,ok,
2880,ok,
0769,ok,
1485,ok,
1610,ok,
1722,ok,
1769,ok,
2679,ok,
1921,ok,
2053,ok,
2348,ok,
2824,ok,
2996,ok,
0340,ok,
0427,ok,
1207,ok,
2182,ok,
2573,ok,
2186,ok,
2750,ok,
0099,ok,
2202,ok,
1371,ok,
1658,ok,
2088,ok,
2327,ok,
2848,ok,
0426,ok,
0604,ok,
1070,ok,
1317,ok,
1357,ok,
2588,ok,
2566,ok,
1825,ok,
0341,ok,
2092,ok,
0210,ok,
0922,ok,
0006,ok,
0607,ok,
2495,ok,
2742,ok,
1151,ok,
2401,ok,
2941,ok,
1210,ok,
2685,ok,
0203,ok,
1599,ok,
2376,ok,
1910,ok,
2197,ok,
1909,ok,
1985,ok,
2047,ok,
2954,ok,
1003,ok,
1374,ok,
2787,ok,
0758,ok,
1618,ok,
0263,ok,
0346,ok,
0941,ok,
2033,ok,
2647,ok,
0434,ok,
0620,ok,
1990,ok,
2999,ok,
0702,ok,
1785,ok,
0243,ok,
0470,ok,
1074,ok,
1189,ok,
1566,ok,
2714,ok,
2883,ok,
2975,ok,
0065,ok,
0264,ok,
1853,ok,
0977,ok,
1158,ok,
1377,ok,
1525,ok,
1538,ok,
0296,ok,
1148,ok,
1607,ok,
1691,ok,
1494,ok,
2152,ok,
2561,ok,
0891,ok,
0963,ok,
2392,ok,
2555,ok,
2595,ok,
0987,ok,
2522,ok,
1229,ok,
1571,ok,
2925,ok,
0501,ok,
0890,ok,
1008,ok,
1592,ok,
1950,ok,
2072,ok,
2739,ok,
0213,ok,
0458,ok,
1508,ok,
2068,ok,
2190,ok,
2276,ok,
0371,ok,
1091,ok,
0857,ok,
1276,ok,
1781,ok,
1920,ok,
2342,ok,
2389,ok,
1061,ok,
1678,ok,
0323,ok,
1459,ok,
2169,ok,
2440,ok,
0966,ok,
0990,ok,
1202,ok,
1707,ok,
2125,ok,
0530,ok,
1777,ok,
2097,ok,
1219,ok,
1906,ok,
2428,ok,
2823,ok,
0452,ok,
1264,ok,
1458,ok,
1660,ok,
1939,ok,
2624,ok,
0076,ok,
0697,ok,
1541,ok,
1544,ok,
2000,ok,
2637,ok,
2059,ok,
2170,ok,
2331,ok,
2461,ok,
2582,ok,
0499,ok,
0840,ok,
1138,ok,
2215,ok,
0647,ok,
0685,ok,
1304,ok,
2572,ok,
2704,ok,
0512,ok,
1879,ok,
1981,ok,
2056,ok,
0337,ok,
1181,ok,
1241,ok,
1410,ok,
1536,ok,
1749,ok,
2196,ok,
0765,ok,
2890,ok,
0967,ok,
1271,ok,
1363,ok,
2475,ok,
0466,ok,
0483,ok,
1723,ok,
2322,ok,
2530,ok,
0742,ok,
1418,ok,
1428,ok,
1724,ok,
2017,ok,
0212,ok,
1717,ok,
2024,ok,
2274,ok,
2765,ok,
1110,ok,
2026,ok,
1509,ok,
0474,ok,
0837,ok,
1573,ok,
1581,ok,
2446,ok,
2520,ok,
2804,ok,
0642,ok,
0983,ok,
1346,ok,
1456,ok,
1646,ok,
1918,ok,
0438,ok,
2706,ok,
0067,ok,
0310,ok,
0729,ok,
1384,ok,
0008,ok,
2289,ok,
0087,ok,
0277,ok,
0343,ok,
2008,ok,
2050,ok,
2263,ok,
0335,ok,
0793,ok,
2514,ok,
0424,ok,
0621,ok,
1068,ok,
1629,ok,
1738,ok,
2268,ok,
0867,ok,
1656,ok,
2179,ok,
2559,ok,
2833,ok,
0886,ok,
1495,ok,
2364,ok,
1014,ok,
1259,ok,
1378,ok,
1616,ok,
1955,ok,
2411,ok,
2435,ok,
2923,ok,
1083,ok,
1670,ok,
2112,ok,
2266,ok,
0208,ok,
1290,ok,
2061,ok,
0549,ok,
0587,ok,
1823,ok,
2109,ok,
0086,ok,
1666,ok,
0245,ok,
1956,ok,
1805,ok,
2184,ok,
0792,ok,
1018,ok,
1772,ok,
0884,ok,
1683,ok,
2893,ok,
1480,ok,
2578,ok,
0454,ok,
0684,ok,
1425,ok,
2439,ok,
2456,ok,
2602,ok,
2972,ok,
1587,ok,
1869,ok,
2020,ok,
0291,ok,
0351,ok,
0422,ok,
1308,ok,
1640,ok,
1741,ok,
1763,ok,
1291,ok,
1563,ok,
1580,ok,
1697,ok,
0309,ok,
1155,ok,
2071,ok,
2100,ok,
0951,ok,
1926,ok,
2330,ok,
1998,ok,
0894,ok,
1572,ok,
1886,ok,
2515,ok,
2592,ok,
2313,ok,
2540,ok,
2596,ok,
2916,ok,
0344,ok,
0618,ok,
1845,ok,
2029,ok,
2589,ok,
2932,ok,
2141,ok,
0954,ok,
1022,ok,
1347,ok,
1497,ok,
2703,ok,
2748,ok,
0302,ok,
0972,ok,
2132,ok,
2459,ok,
2907,ok,
0625,ok,
1183,ok,
1802,ok,
1966,ok,
2227,ok,
2438,ok,
2447,ok,
2895,ok,
0097,ok,
0431,ok,
0614,ok,
0942,ok,
2325,ok,
2856,ok,
2955,ok,
1492,ok,
1622,ok,
0035,ok,
0242,ok,
0449,ok,
1390,ok,
1432,ok,
2113,ok,
2316,ok,
2412,ok,
0463,ok,
0741,ok,
0756,ok,
0757,ok,
1735,ok,
2988,ok,
0885,ok,
1194,ok,
1395,ok,
1719,ok,
1809,ok,
2326,ok,
0731,ok,
1569,ok,
1664,ok,
2102,ok,
0505,ok,
2370,ok,
0482,ok,
1965,ok,
2233,ok,
2246,ok,
2309,ok,
0871,ok,
1478,ok,
1705,ok,
2187,ok,
2646,ok,
0936,ok,
1171,ok,
2849,ok,
0468,ok,
0707,ok,
0847,ok,
1212,ok,
1434,ok,
1507,ok,
0294,ok,
0421,ok,
0819,ok,
1686,ok,
2936,ok,
1708,ok,
1033,ok,
1327,ok,
2488,ok,
0017,ok,
0339,ok,
1811,ok,
2231,ok,
0363,ok,
1368,ok,
2057,ok,
2419,ok,
0207,ok,
1235,ok,
2724,ok,
0082,ok,
0743,ok,
0759,ok,
1962,ok,
2081,ok,
0921,ok,
0945,ok,
1688,ok,
2250,ok,
2294,ok,
2312,ok,
2772,ok,
0094,ok,
0510,ok,
0520,ok,
0521,ok,
0233,ok,
1065,ok,
0745,ok,
1016,ok,
2069,ok,
2491,ok,
1214,ok,
1651,ok,
2898,ok,
0244,ok,
0595,ok,
0779,ok,
1114,ok,
1175,ok,
1679,ok,
2403,ok,
0937,ok,
1702,ok,
1832,ok,
1891,ok,
2579,ok,
2758,ok,
0029,ok,
0473,ok,
0105,ok,
0680,ok,
0718,ok,
1449,ok,
0674,ok,
1278,ok,
1881,ok,
2209,ok,
2960,ok,
0487,ok,
0722,ok,
1184,ok,
1270,ok,
1902,ok,
2430,ok,
1124,ok,
1715,ok,
2101,ok,
0020,ok,
0246,ok,
0654,ok,
0762,ok,
1009,ok,
2529,ok,
0956,ok,
1971,ok,
2207,ok,
2476,ok,
2770,ok,
1037,ok,
1414,ok,
1795,ok,
2134,ok,
2164,ok,
2281,ok,
0433,ok,
2223,ok,
0004,ok,
0378,ok,
0781,ok,
1954,ok,
2699,ok,
1367,ok,
1588,ok,
2442,ok,
0256,ok,
0711,ok,
1020,ok,
1944,ok,
2249,ok,
2672,ok,
2885,ok,
0493,ok,
0717,ok,
0912,ok,
1604,ok,
2084,ok,
2225,ok,
2749,ok,
0079,ok,
1850,ok,
2140,ok,
2526,ok,
2814,ok,
2909,ok,
0564,ok,
1453,ok,
1568,ok,
2410,ok,
1288,ok,
1655,ok,
2524,ok,
2666,ok,
2947,ok,
1117,ok,
2441,ok,
0801,ok,
1703,ok,
2818,ok,
0516,ok,
2002,ok,
2168,ok,
2584,ok,
2870,ok,
0319,ok,
0545,ok,
0555,ok,
0561,ok,
0602,ok,
2218,ok,
0902,ok,
1871,ok,
2001,ok,
0506,ok,
0633,ok,
1200,ok,
1431,ok,
1470,ok,
2110,ok,
2374,ok,
0418,ok,
0666,ok,
2539,ok,
0058,ok,
0270,ok,
0552,ok,
0688,ok,
0856,ok,
1671,ok,
1817,ok,
0388,ok,
0582,ok,
1343,ok,
2638,ok,
0790,ok,
2445,ok,
2678,ok,
2945,ok,
0568,ok,
0914,ok,
0964,ok,
1013,ok,
1834,ok,
2382,ok,
2838,ok,
0777,ok,
1115,ok,
1635,ok,
1782,ok,
1808,ok,
2598,ok,
2299,ok,
2556,ok,
2785,ok,
0662,ok,
1748,ok,
1761,ok,
2444,ok,
0638,ok,
0955,ok,
0959,ok,
2570,ok,
2927,ok,
0736,ok,
1315,ok,
2810,ok,
0557,ok,
1366,ok,
1813,ok,
2463,ok,
0734,ok,
1643,ok,
1647,ok,
1775,ok,
2381,ok,
0795,ok,
1087,ok,
1768,ok,
2200,ok,
1372,ok,
1626,ok,
2006,ok,
0603,ok,
1553,ok,
0518,ok,
1236,ok,
1532,ok,
1628,ok,
1935,ok,
2208,ok,
0696,ok,
1562,ok,
1695,ok,
1901,ok,
1186,ok,
2290,ok,
0773,ok,
1362,ok,
1710,ok,
2901,ok,
1842,ok,
1912,ok,
1608,ok,
2040,ok,
2460,ok,
0698,ok,
1345,ok,
0737,ok,
2180,ok,
0525,ok,
0760,ok,
0806,ok,
1353,ok,
2248,ok,
2622,ok,
2912,ok,
0192,ok,
0875,ok,
1389,ok,
2617,ok,
2773,ok,
1732,ok,
1764,ok,
1996,ok,
0661,ok,
1486,ok,
2239,ok,
2843,ok,
0366,ok,
0377,ok,
1252,ok,
2477,ok,
2498,ok,
0844,ok,
0965,ok,
1652,ok,
1793,ok,
2910,ok,
0560,ok,
0199,ok,
1312,ok,
1603,ok,
1771,ok,
1987,ok,
0853,ok,
1552,ok,
1309,ok,
0719,ok,
0649,ok,
1100,ok,
1698,ok,
1742,ok,
0772,ok,
0272,ok,
0733,ok,
0786,ok,
1352,ok,
1704,ok,
1885,ok,
0820,ok,
1046,ok,
1747,ok,
1837,ok,
2547,ok,
2629,ok,
2978,ok,
1786,ok,
2205,ok,
1848,ok,
0747,ok,
1316,ok,
1335,ok,
2568,ok,
0699,ok,
1302,ok,
1512,ok,
1874,ok,
0725,ok,
1231,ok,
1613,ok,
2425,ok,
2797,ok,
2889,ok,
0975,ok,
1780,ok,
1914,ok,
2432,ok,
0911,ok,
1951,ok,
2808,ok,
2812,ok,
1204,ok,
2737,ok,
0236,ok,
0543,ok,
1161,ok,
1258,ok,
0303,ok,
1475,ok,
1930,ok,
2219,ok,
0373,ok,
0859,ok,
0447,ok,
0716,ok,
1321,ok,
0168,ok,
1172,ok,
1272,ok,
1529,ok,
0237,ok,
2594,ok,
0100,ok,
0332,ok,
1767,ok,
2904,ok,
1854,ok,
2847,ok,
0249,ok,
0932,ok,
1908,ok,
2171,ok,
1006,ok,
1332,ok,
2531,ok,
0504,ok,
1048,ok,
1101,ok,
1682,ok,
1756,ok,
2254,ok,
0429,ok,
0854,ok,
1743,ok,
0831,ok,
0304,ok,
1755,ok,
2448,ok,
1031,ok,
2877,ok,
0036,ok,
0257,ok,
1642,ok,
1984,ok,
0025,ok,
0710,ok,
0808,ok,
1274,ok,
2128,ok,
2267,ok,
2835,ok,
0585,ok,
0290,ok,
2037,ok,
2426,ok,
2937,ok,
0267,ok,
0336,ok,
0727,ok,
1042,ok,
1491,ok,
2744,ok,
0315,ok,
1649,ok,
1727,ok,
2127,ok,
1342,ok,
1774,ok,
2161,ok,
2868,ok,
0301,ok,
1254,ok,
2541,ok,
0268,ok,
0770,ok,
2236,ok,
0569,ok,
1860,ok,
0146,ok,
0782,ok,
2078,ok,
0143,ok,
2789,ok,
2377,ok,
0465,ok,
0827,ok,
0881,ok,
2385,ok,
0721,ok,
0778,ok,
0969,ok,
1888,ok,
2611,ok,
0665,ok,
2587,ok,
2792,ok,
2794,ok,
0269,ok,
1277,ok,
1293,ok,
2872,ok,
0235,ok,
0980,ok,
1868,ok,
1421,ok,
0896,ok,
1119,ok,
0686,ok,
0785,ok,
0994,ok,
1533,ok,
1584,ok,
2538,ok,
0476,ok,
2709,ok,
0883,ok,
2829,ok,
0078,ok,
2129,ok,
2174,ok,
0715,ok,
0766,ok,
2394,ok,
0166,ok,
0462,ok,
2855,ok,
0158,ok,
2353,ok,
2576,ok,
0740,ok,
1499,ok,
1831,ok,
1863,ok,
2521,ok,
1503,ok,
2220,ok,
0334,ok,
0445,ok,
0888,ok,
1502,ok,
1948,ok,
1551,ok,
1784,ok,
0645,ok,
0115,ok,
2120,ok,
1790,ok,
0322,ok,
0904,ok,
2066,ok,
0104,ok,
0583,ok,
1267,ok,
0126,ok,
0172,ok,
0594,ok,
2178,ok,
2240,ok,
2606,ok,
0675,ok,
1281,ok,
2464,ok,
0436,ok,
0863,ok,
2761,ok,
1165,ok,
1904,ok,
1941,ok,
1798,ok,
0586,ok,
1711,ok,
0144,ok,
0382,ok,
0744,ok,
2339,ok,
2571,ok,
1923,ok,
2279,ok,
2436,ok,
2552,ok,
0513,ok,
0689,ok,
1548,ok,
0317,ok,
2754,ok,
0251,ok,
0931,ok,
2390,ok,
2504,ok,
2621,ok,
0839,ok,
2914,ok,
0275,ok,
1576,ok,
1736,ok,
2303,ok,
2796,ok,
0828,ok,
2779,ok,
1066,ok,
0215,ok,
0821,ok,
1659,ok,
1770,ok,
1892,ok,
1721,ok,
1416,ok,
1864,ok,
2635,ok,
1638,ok,
1716,ok,
2686,ok,
0153,ok,
0411,ok,
0565,ok,
2546,ok,
0976,ok,
1855,ok,
0283,ok,
0554,ok,
0943,ok,
0679,ok,
2859,ok,
2259,ok,
0672,ok,
2149,ok,
2406,ok,
1095,ok,
2634,ok,
0093,ok,
1575,ok,
2862,ok,
1521,ok,
1674,ok,
2397,ok,
0316,ok,
1466,ok,
2373,ok,
0231,ok,
0102,ok,
0572,ok,
0575,ok,
0610,ok,
0789,ok,
2238,ok,
0324,ok,
1032,ok,
1483,ok,
2336,ok,
2888,ok,
0265,ok,
2805,ok,
2929,ok,
2861,ok,
0016,ok,
1467,ok,
2517,ok,
0032,ok,
0444,ok,
2288,ok,
0066,ok,
1359,ok,
0574,ok,
0655,ok,
1199,ok,
1518,ok,
0320,ok,
2328,ok,
0678,ok,
1388,ok,
1694,ok,
2167,ok,
1824,ok,
2361,ok,
2715,ok,
0159,ok,
2535,ok,
0284,ok,
0409,ok,
0515,ok,
0566,ok,
2455,ok,
0173,ok,
1898,ok,
1940,ok,
2886,ok,
0080,ok,
0694,ok,
1963,ok,
0085,ok,
0754,ok,
2482,ok,
0034,ok,
1227,ok,
2628,ok,
0089,ok,
0090,ok,
0926,ok,
0529,ok,
1103,ok,
0011,ok,
0070,ok,
0241,ok,
0724,ok,
0776,ok,
2565,ok,
2655,ok,
0149,ok,
0161,ok,
0353,ok,
0803,ok,
2740,ok,
0946,ok,
1857,ok,
2349,ok,
2585,ok,
2597,ok,
0232,ok,
0749,ok,
1442,ok,
2295,ok,
2019,ok,
0010,ok,
1097,ok,
0849,ok,
0934,ok,
0276,ok,
0546,ok,
0511,ok,
0234,ok,
0874,ok,
0735,ok,
0617,ok,
0186,ok,
0640,ok,
1821,ok,
2836,ok,
0068,ok,
0480,ok,
1400,ok,
0331,ok,
0450,ok,
0658,ok,
0148,ok,
0644,ok,
2778,ok,
0095,ok,
0311,ok,
1750,ok,
1794,ok,
2599,ok,
0013,ok,
0648,ok,
0705,ok,
2500,ok,
0197,ok,
0096,ok,
0451,ok,
0467,ok,
0485,ok,
0170,ok,
0651,ok,
0528,ok,
2265,ok,
2781,ok,
0128,ok,
0488,ok,
0071,ok,
0023,ok,
0145,ok,
1625,ok,
1531,ok,
0252,ok,
1873,ok,
0110,ok,
0129,ok,
0136,ok,
0532,ok,
0608,ok,
0121,ok,
2418,ok,
2649,ok,
0230,ok,
0761,ok,
2199,ok,
2270,ok,
2356,ok,
0125,ok,
0138,ok,
0578,ok,
0605,ok,
1168,ok,
2052,ok,
0123,ok,
0635,ok,
0676,ok,
0720,ok,
0216,ok,
0622,ok,
0022,ok,
0150,ok,
0708,ok,
2783,ok,
0469,ok,
0002,ok,
0012,ok,
1217,ok,
1712,ok,
0014,ok,
0352,ok,
0477,ok,
2527,ok,
0627,ok,
1546,ok,
0542,ok,
0122,ok,
0551,ok,
0124,ok,
0573,ok,
0598,ok,
1192,ok,
0176,ok,
0360,ok,
1413,ok,
0354,ok,
0538,ok,
0155,ok,
0691,ok,
0456,ok,
1803,ok,
0494,ok,
0714,ok,
2415,ok,
2557,ok,
0692,ok,
1835,ok,
0120,ok,
0127,ok,
0704,ok,
0350,ok,
0413,ok,
0217,ok,
0194,ok,
1943,ok,
0701,ok,
1673,ok,
0112,ok,
2762,ok,
1991,ok,
2044,ok,
0030,ok,
0111,ok,
0154,ok,
1849,ok,
0196,ok,
0440,ok,
2542,ok,
0151,ok,
0536,ok,
1730,ok,
0318,ok,
1340,ok,
2449,ok,
0152,ok,
1751,ok,
0157,ok,
2108,ok,
0015,ok,
2738,ok,
0526,ok,
2604,ok,
0033,ok,
0788,ok,
0083,ok,
0255,ok,
1261,ok,
0185,ok,
0273,ok,
2003,ok,
0496,ok,
1524,ok,
2693,ok,
0009,ok,
0188,ok,
0024,ok,
0524,ok,
0018,ok,
0391,ok,
